file_name,label
0.jpg,african_elephant
1.jpg,sunglasses
2.jpg,banana
3.jpg,goldfish
4.jpg,sunglasses
5.jpg,rugby
6.jpg,tiger_cat
7.jpg,banana
8.jpg,tiger_cat
9.jpg,tiger_cat
10.jpg,rugby
11.jpg,goldfish
12.jpg,parachute
13.jpg,african_elephant
14.jpg,parachute
15.jpg,golden_retriever
16.jpg,tiger_cat
17.jpg,golden_retriever
18.jpg,tiger_cat
19.jpg,rugby
20.jpg,banana
21.jpg,parachute
22.jpg,rugby
23.jpg,african_elephant
24.jpg,airliner
25.jpg,golden_retriever
26.jpg,banana
27.jpg,banana
28.jpg,parachute
29.jpg,parachute
30.jpg,parachute
31.jpg,african_elephant
32.jpg,golden_retriever
33.jpg,airliner
34.jpg,african_elephant
35.jpg,african_elephant
36.jpg,rugby
37.jpg,goldfish
38.jpg,tiger_cat
39.jpg,goldfish
40.jpg,golden_retriever
41.jpg,rugby
42.jpg,parachute
43.jpg,banana
44.jpg,african_elephant
45.jpg,banana
46.jpg,tiger_cat
47.jpg,tiger_cat
48.jpg,sunglasses
49.jpg,airliner
50.jpg,parachute
51.jpg,goldfish
52.jpg,african_elephant
53.jpg,golden_retriever
54.jpg,african_elephant
55.jpg,sunglasses
56.jpg,convertible_car
57.jpg,african_elephant
58.jpg,parachute
59.jpg,goldfish
60.jpg,parachute
61.jpg,golden_retriever
62.jpg,tiger_cat
63.jpg,rugby
64.jpg,parachute
65.jpg,african_elephant
66.jpg,parachute
67.jpg,rugby
68.jpg,tiger_cat
69.jpg,parachute
70.jpg,convertible_car
71.jpg,parachute
72.jpg,african_elephant
73.jpg,golden_retriever
74.jpg,airliner
75.jpg,convertible_car
76.jpg,parachute
77.jpg,golden_retriever
78.jpg,rugby
79.jpg,rugby
80.jpg,goldfish
81.jpg,tiger_cat
82.jpg,parachute
83.jpg,banana
84.jpg,airliner
85.jpg,african_elephant
86.jpg,parachute
87.jpg,convertible_car
88.jpg,banana
89.jpg,parachute
90.jpg,parachute
91.jpg,tiger_cat
92.jpg,airliner
93.jpg,convertible_car
94.jpg,airliner
95.jpg,airliner
96.jpg,golden_retriever
97.jpg,parachute
98.jpg,african_elephant
99.jpg,african_elephant
100.jpg,goldfish
101.jpg,banana
102.jpg,goldfish
103.jpg,sunglasses
104.jpg,sunglasses
105.jpg,parachute
106.jpg,goldfish
107.jpg,tiger_cat
108.jpg,sunglasses
109.jpg,goldfish
110.jpg,african_elephant
111.jpg,airliner
112.jpg,airliner
113.jpg,parachute
114.jpg,rugby
115.jpg,african_elephant
116.jpg,banana
117.jpg,airliner
118.jpg,rugby
119.jpg,rugby
120.jpg,tiger_cat
121.jpg,goldfish
122.jpg,rugby
123.jpg,goldfish
124.jpg,golden_retriever
125.jpg,parachute
126.jpg,tiger_cat
127.jpg,rugby
128.jpg,parachute
129.jpg,golden_retriever
130.jpg,tiger_cat
131.jpg,golden_retriever
132.jpg,banana
133.jpg,golden_retriever
134.jpg,banana
135.jpg,goldfish
136.jpg,goldfish
137.jpg,sunglasses
138.jpg,parachute
139.jpg,african_elephant
140.jpg,goldfish
141.jpg,african_elephant
142.jpg,golden_retriever
143.jpg,goldfish
144.jpg,parachute
145.jpg,rugby
146.jpg,convertible_car
147.jpg,parachute
148.jpg,goldfish
149.jpg,parachute
150.jpg,parachute
151.jpg,parachute
152.jpg,banana
153.jpg,tiger_cat
154.jpg,airliner
155.jpg,parachute
156.jpg,parachute
157.jpg,airliner
158.jpg,sunglasses
159.jpg,goldfish
160.jpg,banana
161.jpg,parachute
162.jpg,african_elephant
163.jpg,airliner
164.jpg,rugby
165.jpg,goldfish
166.jpg,banana
167.jpg,golden_retriever
168.jpg,parachute
169.jpg,sunglasses
170.jpg,parachute
171.jpg,goldfish
172.jpg,airliner
173.jpg,banana
174.jpg,banana
175.jpg,goldfish
176.jpg,tiger_cat
177.jpg,banana
178.jpg,golden_retriever
179.jpg,tiger_cat
180.jpg,african_elephant
181.jpg,parachute
182.jpg,goldfish
183.jpg,goldfish
184.jpg,rugby
185.jpg,parachute
186.jpg,parachute
187.jpg,sunglasses
188.jpg,goldfish
189.jpg,parachute
190.jpg,goldfish
191.jpg,rugby
192.jpg,airliner
193.jpg,rugby
194.jpg,airliner
195.jpg,rugby
196.jpg,banana
197.jpg,sunglasses
198.jpg,sunglasses
199.jpg,banana
200.jpg,sunglasses
201.jpg,tiger_cat
202.jpg,goldfish
203.jpg,sunglasses
204.jpg,goldfish
205.jpg,goldfish
206.jpg,parachute
207.jpg,parachute
208.jpg,goldfish
209.jpg,parachute
210.jpg,sunglasses
211.jpg,parachute
212.jpg,banana
213.jpg,tiger_cat
214.jpg,parachute
215.jpg,goldfish
216.jpg,sunglasses
217.jpg,sunglasses
218.jpg,tiger_cat
219.jpg,banana
220.jpg,convertible_car
221.jpg,tiger_cat
222.jpg,rugby
223.jpg,airliner
224.jpg,african_elephant
225.jpg,rugby
226.jpg,golden_retriever
227.jpg,goldfish
228.jpg,parachute
229.jpg,african_elephant
230.jpg,rugby
231.jpg,goldfish
232.jpg,african_elephant
233.jpg,golden_retriever
234.jpg,convertible_car
235.jpg,goldfish
236.jpg,african_elephant
237.jpg,parachute
238.jpg,tiger_cat
239.jpg,parachute
240.jpg,airliner
241.jpg,airliner
242.jpg,african_elephant
243.jpg,tiger_cat
244.jpg,airliner
245.jpg,airliner
246.jpg,parachute
247.jpg,parachute
248.jpg,golden_retriever
249.jpg,banana
250.jpg,african_elephant
251.jpg,tiger_cat
252.jpg,convertible_car
253.jpg,african_elephant
254.jpg,tiger_cat
255.jpg,rugby
256.jpg,airliner
257.jpg,banana
258.jpg,parachute
259.jpg,african_elephant
260.jpg,african_elephant
261.jpg,parachute
262.jpg,tiger_cat
263.jpg,rugby
264.jpg,parachute
265.jpg,goldfish
266.jpg,parachute
267.jpg,airliner
268.jpg,golden_retriever
269.jpg,african_elephant
270.jpg,african_elephant
271.jpg,parachute
272.jpg,tiger_cat
273.jpg,parachute
274.jpg,parachute
275.jpg,banana
276.jpg,african_elephant
277.jpg,rugby
278.jpg,airliner
279.jpg,golden_retriever
280.jpg,parachute
281.jpg,african_elephant
282.jpg,rugby
283.jpg,parachute
284.jpg,parachute
285.jpg,tiger_cat
286.jpg,rugby
287.jpg,sunglasses
288.jpg,tiger_cat
289.jpg,parachute
290.jpg,sunglasses
291.jpg,tiger_cat
292.jpg,rugby
293.jpg,airliner
294.jpg,african_elephant
295.jpg,golden_retriever
296.jpg,tiger_cat
297.jpg,tiger_cat
298.jpg,tiger_cat
299.jpg,parachute
300.jpg,banana
301.jpg,rugby
302.jpg,golden_retriever
303.jpg,parachute
304.jpg,banana
305.jpg,parachute
306.jpg,banana
307.jpg,airliner
308.jpg,african_elephant
309.jpg,tiger_cat
310.jpg,airliner
311.jpg,parachute
312.jpg,airliner
313.jpg,sunglasses
314.jpg,rugby
315.jpg,sunglasses
316.jpg,parachute
317.jpg,golden_retriever
318.jpg,goldfish
319.jpg,parachute
320.jpg,sunglasses
321.jpg,tiger_cat
322.jpg,rugby
323.jpg,african_elephant
324.jpg,african_elephant
325.jpg,rugby
326.jpg,goldfish
327.jpg,parachute
328.jpg,banana
329.jpg,goldfish
330.jpg,airliner
331.jpg,airliner
332.jpg,parachute
333.jpg,goldfish
334.jpg,airliner
335.jpg,tiger_cat
336.jpg,banana
337.jpg,goldfish
338.jpg,golden_retriever
339.jpg,tiger_cat
340.jpg,airliner
341.jpg,golden_retriever
342.jpg,goldfish
343.jpg,parachute
344.jpg,parachute
345.jpg,banana
346.jpg,rugby
347.jpg,goldfish
348.jpg,african_elephant
349.jpg,african_elephant
350.jpg,parachute
351.jpg,rugby
352.jpg,convertible_car
353.jpg,convertible_car
354.jpg,airliner
355.jpg,tiger_cat
356.jpg,rugby
357.jpg,banana
358.jpg,banana
359.jpg,parachute
360.jpg,golden_retriever
361.jpg,banana
362.jpg,african_elephant
363.jpg,parachute
364.jpg,parachute
365.jpg,parachute
366.jpg,rugby
367.jpg,african_elephant
368.jpg,banana
369.jpg,golden_retriever
370.jpg,tiger_cat
371.jpg,airliner
372.jpg,rugby
373.jpg,banana
374.jpg,airliner
375.jpg,goldfish
376.jpg,sunglasses
377.jpg,rugby
378.jpg,tiger_cat
379.jpg,banana
380.jpg,golden_retriever
381.jpg,tiger_cat
382.jpg,goldfish
383.jpg,tiger_cat
384.jpg,parachute
385.jpg,banana
386.jpg,rugby
387.jpg,tiger_cat
388.jpg,parachute
389.jpg,african_elephant
390.jpg,parachute
391.jpg,rugby
392.jpg,african_elephant
393.jpg,rugby
394.jpg,golden_retriever
395.jpg,convertible_car
396.jpg,goldfish
397.jpg,parachute
398.jpg,goldfish
399.jpg,banana
400.jpg,rugby
401.jpg,tiger_cat
402.jpg,rugby
403.jpg,tiger_cat
404.jpg,african_elephant
405.jpg,airliner
406.jpg,rugby
407.jpg,golden_retriever
408.jpg,tiger_cat
409.jpg,goldfish
410.jpg,golden_retriever
411.jpg,tiger_cat
412.jpg,tiger_cat
413.jpg,airliner
414.jpg,golden_retriever
415.jpg,tiger_cat
416.jpg,airliner
417.jpg,tiger_cat
418.jpg,goldfish
419.jpg,goldfish
420.jpg,rugby
421.jpg,rugby
422.jpg,rugby
423.jpg,african_elephant
424.jpg,parachute
425.jpg,goldfish
426.jpg,tiger_cat
427.jpg,sunglasses
428.jpg,goldfish
429.jpg,tiger_cat
430.jpg,golden_retriever
431.jpg,tiger_cat
432.jpg,airliner
433.jpg,goldfish
434.jpg,parachute
435.jpg,tiger_cat
436.jpg,african_elephant
437.jpg,rugby
438.jpg,goldfish
439.jpg,tiger_cat
440.jpg,parachute
441.jpg,goldfish
442.jpg,rugby
443.jpg,airliner
444.jpg,african_elephant
445.jpg,african_elephant
446.jpg,tiger_cat
447.jpg,goldfish
448.jpg,goldfish
449.jpg,tiger_cat
450.jpg,african_elephant
451.jpg,golden_retriever
452.jpg,convertible_car
453.jpg,goldfish
454.jpg,rugby
455.jpg,rugby
456.jpg,rugby
457.jpg,banana
458.jpg,banana
459.jpg,airliner
460.jpg,rugby
461.jpg,airliner
462.jpg,rugby
463.jpg,african_elephant
464.jpg,banana
465.jpg,sunglasses
466.jpg,banana
467.jpg,sunglasses
468.jpg,sunglasses
469.jpg,goldfish
470.jpg,rugby
471.jpg,sunglasses
472.jpg,rugby
473.jpg,tiger_cat
474.jpg,parachute
475.jpg,rugby
476.jpg,parachute
477.jpg,golden_retriever
478.jpg,rugby
479.jpg,tiger_cat
480.jpg,tiger_cat
481.jpg,golden_retriever
482.jpg,african_elephant
483.jpg,goldfish
484.jpg,parachute
485.jpg,tiger_cat
486.jpg,golden_retriever
487.jpg,african_elephant
488.jpg,airliner
489.jpg,tiger_cat
490.jpg,airliner
491.jpg,parachute
492.jpg,african_elephant
493.jpg,african_elephant
494.jpg,golden_retriever
495.jpg,tiger_cat
496.jpg,airliner
497.jpg,sunglasses
498.jpg,goldfish
499.jpg,parachute
500.jpg,parachute
501.jpg,tiger_cat
502.jpg,goldfish
503.jpg,tiger_cat
504.jpg,airliner
505.jpg,sunglasses
506.jpg,tiger_cat
507.jpg,parachute
508.jpg,rugby
509.jpg,goldfish
510.jpg,goldfish
511.jpg,tiger_cat
512.jpg,african_elephant
513.jpg,golden_retriever
514.jpg,tiger_cat
515.jpg,african_elephant
516.jpg,convertible_car
517.jpg,parachute
518.jpg,parachute
519.jpg,convertible_car
520.jpg,golden_retriever
521.jpg,goldfish
522.jpg,tiger_cat
523.jpg,goldfish
524.jpg,tiger_cat
525.jpg,parachute
526.jpg,golden_retriever
527.jpg,banana
528.jpg,banana
529.jpg,parachute
530.jpg,goldfish
531.jpg,african_elephant
532.jpg,sunglasses
533.jpg,parachute
534.jpg,tiger_cat
535.jpg,parachute
536.jpg,airliner
537.jpg,goldfish
538.jpg,parachute
539.jpg,parachute
540.jpg,convertible_car
541.jpg,african_elephant
542.jpg,parachute
543.jpg,rugby
544.jpg,tiger_cat
545.jpg,banana
546.jpg,convertible_car
547.jpg,goldfish
548.jpg,african_elephant
549.jpg,rugby
550.jpg,goldfish
551.jpg,african_elephant
552.jpg,banana
553.jpg,sunglasses
554.jpg,parachute
555.jpg,sunglasses
556.jpg,african_elephant
557.jpg,sunglasses
558.jpg,rugby
559.jpg,tiger_cat
560.jpg,convertible_car
561.jpg,airliner
562.jpg,rugby
563.jpg,airliner
564.jpg,airliner
565.jpg,banana
566.jpg,parachute
567.jpg,banana
568.jpg,airliner
569.jpg,parachute
570.jpg,rugby
571.jpg,rugby
572.jpg,golden_retriever
573.jpg,parachute
574.jpg,golden_retriever
575.jpg,rugby
576.jpg,airliner
577.jpg,banana
578.jpg,rugby
579.jpg,parachute
580.jpg,tiger_cat
581.jpg,tiger_cat
582.jpg,african_elephant
583.jpg,parachute
584.jpg,airliner
585.jpg,rugby
586.jpg,tiger_cat
587.jpg,goldfish
588.jpg,airliner
589.jpg,sunglasses
590.jpg,parachute
591.jpg,tiger_cat
592.jpg,airliner
593.jpg,tiger_cat
594.jpg,african_elephant
595.jpg,airliner
596.jpg,tiger_cat
597.jpg,rugby
598.jpg,african_elephant
599.jpg,rugby
600.jpg,tiger_cat
601.jpg,golden_retriever
602.jpg,rugby
603.jpg,tiger_cat
604.jpg,tiger_cat
605.jpg,banana
606.jpg,goldfish
607.jpg,tiger_cat
608.jpg,banana
609.jpg,banana
610.jpg,african_elephant
611.jpg,airliner
612.jpg,golden_retriever
613.jpg,rugby
614.jpg,banana
615.jpg,sunglasses
616.jpg,convertible_car
617.jpg,african_elephant
618.jpg,rugby
619.jpg,rugby
620.jpg,golden_retriever
621.jpg,african_elephant
622.jpg,parachute
623.jpg,african_elephant
624.jpg,african_elephant
625.jpg,rugby
626.jpg,banana
627.jpg,african_elephant
628.jpg,banana
629.jpg,african_elephant
630.jpg,goldfish
631.jpg,sunglasses
632.jpg,tiger_cat
633.jpg,parachute
634.jpg,rugby
635.jpg,golden_retriever
636.jpg,rugby
637.jpg,sunglasses
638.jpg,african_elephant
639.jpg,parachute
640.jpg,tiger_cat
641.jpg,golden_retriever
642.jpg,parachute
643.jpg,airliner
644.jpg,tiger_cat
645.jpg,goldfish
646.jpg,rugby
647.jpg,tiger_cat
648.jpg,tiger_cat
649.jpg,banana
650.jpg,parachute
651.jpg,banana
652.jpg,airliner
653.jpg,rugby
654.jpg,goldfish
655.jpg,tiger_cat
656.jpg,tiger_cat
657.jpg,tiger_cat
658.jpg,tiger_cat
659.jpg,tiger_cat
660.jpg,rugby
661.jpg,convertible_car
662.jpg,golden_retriever
663.jpg,sunglasses
664.jpg,parachute
665.jpg,african_elephant
666.jpg,goldfish
667.jpg,tiger_cat
668.jpg,african_elephant
669.jpg,rugby
670.jpg,banana
671.jpg,airliner
672.jpg,golden_retriever
673.jpg,rugby
674.jpg,sunglasses
675.jpg,golden_retriever
676.jpg,banana
677.jpg,golden_retriever
678.jpg,rugby
679.jpg,tiger_cat
680.jpg,airliner
681.jpg,goldfish
682.jpg,rugby
683.jpg,african_elephant
684.jpg,rugby
685.jpg,african_elephant
686.jpg,tiger_cat
687.jpg,banana
688.jpg,parachute
689.jpg,tiger_cat
690.jpg,african_elephant
691.jpg,tiger_cat
692.jpg,parachute
693.jpg,goldfish
694.jpg,convertible_car
695.jpg,parachute
696.jpg,goldfish
697.jpg,tiger_cat
698.jpg,golden_retriever
699.jpg,banana
700.jpg,tiger_cat
701.jpg,golden_retriever
702.jpg,goldfish
703.jpg,golden_retriever
704.jpg,airliner
705.jpg,airliner
706.jpg,parachute
707.jpg,parachute
708.jpg,banana
709.jpg,tiger_cat
710.jpg,sunglasses
711.jpg,airliner
712.jpg,golden_retriever
713.jpg,golden_retriever
714.jpg,banana
715.jpg,golden_retriever
716.jpg,rugby
717.jpg,parachute
718.jpg,african_elephant
719.jpg,african_elephant
720.jpg,african_elephant
721.jpg,tiger_cat
722.jpg,tiger_cat
723.jpg,rugby
724.jpg,african_elephant
725.jpg,golden_retriever
726.jpg,parachute
727.jpg,airliner
728.jpg,golden_retriever
729.jpg,banana
730.jpg,convertible_car
731.jpg,african_elephant
732.jpg,parachute
733.jpg,airliner
734.jpg,airliner
735.jpg,parachute
736.jpg,golden_retriever
737.jpg,tiger_cat
738.jpg,golden_retriever
739.jpg,tiger_cat
740.jpg,sunglasses
741.jpg,banana
742.jpg,african_elephant
743.jpg,tiger_cat
744.jpg,banana
745.jpg,tiger_cat
746.jpg,tiger_cat
747.jpg,parachute
748.jpg,banana
749.jpg,goldfish
750.jpg,goldfish
751.jpg,goldfish
752.jpg,banana
753.jpg,goldfish
754.jpg,airliner
755.jpg,sunglasses
756.jpg,rugby
757.jpg,parachute
758.jpg,airliner
759.jpg,parachute
760.jpg,rugby
761.jpg,parachute
762.jpg,african_elephant
763.jpg,rugby
764.jpg,tiger_cat
765.jpg,goldfish
766.jpg,airliner
767.jpg,parachute
768.jpg,goldfish
769.jpg,tiger_cat
770.jpg,african_elephant
771.jpg,rugby
772.jpg,african_elephant
773.jpg,banana
774.jpg,tiger_cat
775.jpg,tiger_cat
776.jpg,rugby
777.jpg,goldfish
778.jpg,parachute
779.jpg,rugby
780.jpg,parachute
781.jpg,golden_retriever
782.jpg,banana
783.jpg,african_elephant
784.jpg,african_elephant
785.jpg,sunglasses
786.jpg,goldfish
787.jpg,african_elephant
788.jpg,banana
789.jpg,golden_retriever
790.jpg,tiger_cat
791.jpg,airliner
792.jpg,rugby
793.jpg,parachute
794.jpg,tiger_cat
795.jpg,parachute
796.jpg,tiger_cat
797.jpg,airliner
798.jpg,banana
799.jpg,tiger_cat
800.jpg,tiger_cat
801.jpg,sunglasses
802.jpg,convertible_car
803.jpg,rugby
804.jpg,parachute
805.jpg,tiger_cat
806.jpg,parachute
807.jpg,banana
808.jpg,goldfish
809.jpg,convertible_car
810.jpg,airliner
811.jpg,golden_retriever
812.jpg,goldfish
813.jpg,goldfish
814.jpg,banana
815.jpg,convertible_car
816.jpg,parachute
817.jpg,tiger_cat
818.jpg,goldfish
819.jpg,african_elephant
820.jpg,rugby
821.jpg,golden_retriever
822.jpg,golden_retriever
823.jpg,banana
824.jpg,sunglasses
825.jpg,tiger_cat
826.jpg,tiger_cat
827.jpg,convertible_car
828.jpg,banana
829.jpg,african_elephant
830.jpg,rugby
831.jpg,rugby
832.jpg,rugby
833.jpg,rugby
834.jpg,african_elephant
835.jpg,airliner
836.jpg,goldfish
837.jpg,goldfish
838.jpg,goldfish
839.jpg,goldfish
840.jpg,goldfish
841.jpg,golden_retriever
842.jpg,golden_retriever
843.jpg,tiger_cat
844.jpg,rugby
845.jpg,airliner
846.jpg,golden_retriever
847.jpg,rugby
848.jpg,african_elephant
849.jpg,rugby
850.jpg,goldfish
851.jpg,goldfish
852.jpg,rugby
853.jpg,airliner
854.jpg,tiger_cat
855.jpg,airliner
856.jpg,african_elephant
857.jpg,african_elephant
858.jpg,parachute
859.jpg,tiger_cat
860.jpg,airliner
861.jpg,parachute
862.jpg,banana
863.jpg,parachute
864.jpg,airliner
865.jpg,tiger_cat
866.jpg,rugby
867.jpg,goldfish
868.jpg,golden_retriever
869.jpg,tiger_cat
870.jpg,parachute
871.jpg,sunglasses
872.jpg,convertible_car
873.jpg,tiger_cat
874.jpg,airliner
875.jpg,sunglasses
876.jpg,banana
877.jpg,goldfish
878.jpg,convertible_car
879.jpg,rugby
880.jpg,african_elephant
881.jpg,rugby
882.jpg,rugby
883.jpg,rugby
884.jpg,golden_retriever
885.jpg,golden_retriever
886.jpg,sunglasses
887.jpg,goldfish
888.jpg,banana
889.jpg,tiger_cat
890.jpg,golden_retriever
891.jpg,banana
892.jpg,parachute
893.jpg,golden_retriever
894.jpg,african_elephant
895.jpg,african_elephant
896.jpg,african_elephant
897.jpg,convertible_car
898.jpg,airliner
899.jpg,airliner
900.jpg,goldfish
901.jpg,african_elephant
902.jpg,tiger_cat
903.jpg,sunglasses
904.jpg,golden_retriever
905.jpg,goldfish
906.jpg,tiger_cat
907.jpg,banana
908.jpg,golden_retriever
909.jpg,rugby
910.jpg,goldfish
911.jpg,rugby
912.jpg,goldfish
913.jpg,parachute
914.jpg,tiger_cat
915.jpg,banana
916.jpg,rugby
917.jpg,rugby
918.jpg,parachute
919.jpg,parachute
920.jpg,goldfish
921.jpg,goldfish
922.jpg,parachute
923.jpg,goldfish
924.jpg,sunglasses
925.jpg,parachute
926.jpg,tiger_cat
927.jpg,airliner
928.jpg,parachute
929.jpg,banana
930.jpg,parachute
931.jpg,golden_retriever
932.jpg,african_elephant
933.jpg,tiger_cat
934.jpg,golden_retriever
935.jpg,tiger_cat
936.jpg,golden_retriever
937.jpg,parachute
938.jpg,rugby
939.jpg,banana
940.jpg,golden_retriever
941.jpg,airliner
942.jpg,tiger_cat
943.jpg,parachute
944.jpg,goldfish
945.jpg,parachute
946.jpg,airliner
947.jpg,goldfish
948.jpg,goldfish
949.jpg,goldfish
950.jpg,parachute
951.jpg,rugby
952.jpg,rugby
953.jpg,airliner
954.jpg,airliner
955.jpg,parachute
956.jpg,parachute
957.jpg,parachute
958.jpg,banana
959.jpg,rugby
960.jpg,rugby
961.jpg,airliner
962.jpg,parachute
963.jpg,rugby
964.jpg,tiger_cat
965.jpg,parachute
966.jpg,airliner
967.jpg,tiger_cat
968.jpg,airliner
969.jpg,convertible_car
970.jpg,parachute
971.jpg,sunglasses
972.jpg,banana
973.jpg,parachute
974.jpg,tiger_cat
975.jpg,parachute
976.jpg,parachute
977.jpg,goldfish
978.jpg,goldfish
979.jpg,african_elephant
980.jpg,african_elephant
981.jpg,tiger_cat
982.jpg,rugby
983.jpg,rugby
984.jpg,tiger_cat
985.jpg,rugby
986.jpg,rugby
987.jpg,parachute
988.jpg,parachute
989.jpg,sunglasses
990.jpg,airliner
991.jpg,airliner
992.jpg,parachute
993.jpg,tiger_cat
994.jpg,airliner
995.jpg,goldfish
996.jpg,african_elephant
997.jpg,goldfish
998.jpg,african_elephant
999.jpg,golden_retriever
1000.jpg,tiger_cat
1001.jpg,banana
1002.jpg,airliner
1003.jpg,goldfish
1004.jpg,convertible_car
1005.jpg,airliner
1006.jpg,parachute
1007.jpg,parachute
1008.jpg,golden_retriever
1009.jpg,convertible_car
1010.jpg,golden_retriever
1011.jpg,banana
1012.jpg,rugby
1013.jpg,golden_retriever
1014.jpg,parachute
1015.jpg,rugby
1016.jpg,rugby
1017.jpg,parachute
1018.jpg,parachute
1019.jpg,banana
1020.jpg,tiger_cat
1021.jpg,goldfish
1022.jpg,african_elephant
1023.jpg,rugby
1024.jpg,parachute
1025.jpg,sunglasses
1026.jpg,tiger_cat
1027.jpg,parachute
1028.jpg,golden_retriever
1029.jpg,african_elephant
1030.jpg,tiger_cat
1031.jpg,rugby
1032.jpg,golden_retriever
1033.jpg,tiger_cat
1034.jpg,african_elephant
1035.jpg,tiger_cat
1036.jpg,golden_retriever
1037.jpg,tiger_cat
1038.jpg,rugby
1039.jpg,parachute
1040.jpg,airliner
1041.jpg,convertible_car
1042.jpg,parachute
1043.jpg,goldfish
1044.jpg,african_elephant
1045.jpg,golden_retriever
1046.jpg,tiger_cat
1047.jpg,goldfish
1048.jpg,goldfish
1049.jpg,convertible_car
1050.jpg,parachute
1051.jpg,airliner
1052.jpg,goldfish
1053.jpg,tiger_cat
1054.jpg,rugby
1055.jpg,african_elephant
1056.jpg,airliner
1057.jpg,goldfish
1058.jpg,rugby
1059.jpg,banana
1060.jpg,goldfish
1061.jpg,airliner
1062.jpg,tiger_cat
1063.jpg,goldfish
1064.jpg,parachute
1065.jpg,tiger_cat
1066.jpg,parachute
1067.jpg,goldfish
1068.jpg,african_elephant
1069.jpg,rugby
1070.jpg,tiger_cat
1071.jpg,airliner
1072.jpg,african_elephant
1073.jpg,parachute
1074.jpg,tiger_cat
1075.jpg,rugby
1076.jpg,golden_retriever
1077.jpg,goldfish
1078.jpg,tiger_cat
1079.jpg,banana
1080.jpg,parachute
1081.jpg,golden_retriever
1082.jpg,parachute
1083.jpg,airliner
1084.jpg,goldfish
1085.jpg,sunglasses
1086.jpg,goldfish
1087.jpg,golden_retriever
1088.jpg,goldfish
1089.jpg,tiger_cat
1090.jpg,golden_retriever
1091.jpg,tiger_cat
1092.jpg,tiger_cat
1093.jpg,tiger_cat
1094.jpg,rugby
1095.jpg,sunglasses
1096.jpg,parachute
1097.jpg,sunglasses
1098.jpg,banana
1099.jpg,convertible_car
1100.jpg,airliner
1101.jpg,parachute
1102.jpg,airliner
1103.jpg,tiger_cat
1104.jpg,african_elephant
1105.jpg,parachute
1106.jpg,parachute
1107.jpg,banana
1108.jpg,goldfish
1109.jpg,airliner
1110.jpg,golden_retriever
1111.jpg,rugby
1112.jpg,airliner
1113.jpg,sunglasses
1114.jpg,sunglasses
1115.jpg,tiger_cat
1116.jpg,convertible_car
1117.jpg,tiger_cat
1118.jpg,airliner
1119.jpg,tiger_cat
1120.jpg,rugby
1121.jpg,airliner
1122.jpg,golden_retriever
1123.jpg,tiger_cat
1124.jpg,african_elephant
1125.jpg,golden_retriever
1126.jpg,african_elephant
1127.jpg,tiger_cat
1128.jpg,banana
1129.jpg,parachute
1130.jpg,banana
1131.jpg,goldfish
1132.jpg,rugby
1133.jpg,goldfish
1134.jpg,parachute
1135.jpg,parachute
1136.jpg,sunglasses
1137.jpg,rugby
1138.jpg,parachute
1139.jpg,tiger_cat
1140.jpg,tiger_cat
1141.jpg,airliner
1142.jpg,banana
1143.jpg,tiger_cat
1144.jpg,rugby
1145.jpg,goldfish
1146.jpg,convertible_car
1147.jpg,golden_retriever
1148.jpg,parachute
1149.jpg,rugby
1150.jpg,goldfish
1151.jpg,parachute
1152.jpg,african_elephant
1153.jpg,goldfish
1154.jpg,african_elephant
1155.jpg,tiger_cat
1156.jpg,golden_retriever
1157.jpg,african_elephant
1158.jpg,parachute
1159.jpg,golden_retriever
1160.jpg,tiger_cat
1161.jpg,banana
1162.jpg,african_elephant
1163.jpg,rugby
1164.jpg,goldfish
1165.jpg,rugby
1166.jpg,goldfish
1167.jpg,golden_retriever
1168.jpg,rugby
1169.jpg,goldfish
1170.jpg,banana
1171.jpg,banana
1172.jpg,rugby
1173.jpg,goldfish
1174.jpg,banana
1175.jpg,banana
1176.jpg,banana
1177.jpg,golden_retriever
1178.jpg,convertible_car
1179.jpg,goldfish
1180.jpg,parachute
1181.jpg,tiger_cat
1182.jpg,goldfish
1183.jpg,parachute
1184.jpg,airliner
1185.jpg,african_elephant
1186.jpg,golden_retriever
1187.jpg,goldfish
1188.jpg,tiger_cat
1189.jpg,sunglasses
1190.jpg,goldfish
1191.jpg,airliner
1192.jpg,rugby
1193.jpg,goldfish
1194.jpg,sunglasses
1195.jpg,goldfish
1196.jpg,rugby
1197.jpg,airliner
1198.jpg,golden_retriever
1199.jpg,goldfish
1200.jpg,parachute
1201.jpg,parachute
1202.jpg,airliner
1203.jpg,convertible_car
1204.jpg,golden_retriever
1205.jpg,african_elephant
1206.jpg,goldfish
1207.jpg,rugby
1208.jpg,convertible_car
1209.jpg,tiger_cat
1210.jpg,golden_retriever
1211.jpg,african_elephant
1212.jpg,parachute
1213.jpg,airliner
1214.jpg,goldfish
1215.jpg,goldfish
1216.jpg,african_elephant
1217.jpg,tiger_cat
1218.jpg,tiger_cat
1219.jpg,parachute
1220.jpg,rugby
1221.jpg,rugby
1222.jpg,african_elephant
1223.jpg,convertible_car
1224.jpg,parachute
1225.jpg,goldfish
1226.jpg,tiger_cat
1227.jpg,rugby
1228.jpg,convertible_car
1229.jpg,convertible_car
1230.jpg,rugby
1231.jpg,airliner
1232.jpg,banana
1233.jpg,banana
1234.jpg,golden_retriever
1235.jpg,parachute
1236.jpg,airliner
1237.jpg,tiger_cat
1238.jpg,tiger_cat
1239.jpg,sunglasses
1240.jpg,tiger_cat
1241.jpg,banana
1242.jpg,airliner
1243.jpg,goldfish
1244.jpg,rugby
1245.jpg,rugby
1246.jpg,rugby
1247.jpg,parachute
1248.jpg,goldfish
1249.jpg,goldfish
1250.jpg,rugby
1251.jpg,rugby
1252.jpg,african_elephant
1253.jpg,banana
1254.jpg,banana
1255.jpg,banana
1256.jpg,banana
1257.jpg,parachute
1258.jpg,golden_retriever
1259.jpg,parachute
1260.jpg,sunglasses
1261.jpg,sunglasses
1262.jpg,airliner
1263.jpg,tiger_cat
1264.jpg,african_elephant
1265.jpg,parachute
1266.jpg,airliner
1267.jpg,parachute
1268.jpg,convertible_car
1269.jpg,rugby
1270.jpg,rugby
1271.jpg,african_elephant
1272.jpg,tiger_cat
1273.jpg,banana
1274.jpg,parachute
1275.jpg,parachute
1276.jpg,sunglasses
1277.jpg,rugby
1278.jpg,parachute
1279.jpg,tiger_cat
1280.jpg,airliner
1281.jpg,convertible_car
1282.jpg,parachute
1283.jpg,airliner
1284.jpg,banana
1285.jpg,tiger_cat
1286.jpg,airliner
1287.jpg,african_elephant
1288.jpg,tiger_cat
1289.jpg,rugby
1290.jpg,goldfish
1291.jpg,parachute
1292.jpg,rugby
1293.jpg,banana
1294.jpg,parachute
1295.jpg,goldfish
1296.jpg,african_elephant
1297.jpg,parachute
1298.jpg,parachute
1299.jpg,african_elephant
1300.jpg,parachute
1301.jpg,golden_retriever
1302.jpg,parachute
1303.jpg,banana
1304.jpg,airliner
1305.jpg,golden_retriever
1306.jpg,golden_retriever
1307.jpg,golden_retriever
1308.jpg,goldfish
1309.jpg,parachute
1310.jpg,golden_retriever
1311.jpg,parachute
1312.jpg,african_elephant
1313.jpg,banana
1314.jpg,goldfish
1315.jpg,parachute
1316.jpg,banana
1317.jpg,parachute
1318.jpg,convertible_car
1319.jpg,rugby
1320.jpg,african_elephant
1321.jpg,convertible_car
1322.jpg,banana
1323.jpg,airliner
1324.jpg,rugby
1325.jpg,rugby
1326.jpg,convertible_car
1327.jpg,banana
1328.jpg,convertible_car
1329.jpg,african_elephant
1330.jpg,african_elephant
1331.jpg,banana
1332.jpg,tiger_cat
1333.jpg,goldfish
1334.jpg,convertible_car
1335.jpg,golden_retriever
1336.jpg,goldfish
1337.jpg,airliner
1338.jpg,tiger_cat
1339.jpg,goldfish
1340.jpg,rugby
1341.jpg,golden_retriever
1342.jpg,african_elephant
1343.jpg,tiger_cat
1344.jpg,goldfish
1345.jpg,golden_retriever
1346.jpg,rugby
1347.jpg,airliner
1348.jpg,golden_retriever
1349.jpg,goldfish
1350.jpg,sunglasses
1351.jpg,goldfish
1352.jpg,parachute
1353.jpg,convertible_car
1354.jpg,sunglasses
1355.jpg,goldfish
1356.jpg,african_elephant
1357.jpg,rugby
1358.jpg,banana
1359.jpg,goldfish
1360.jpg,airliner
1361.jpg,parachute
1362.jpg,parachute
1363.jpg,goldfish
1364.jpg,goldfish
1365.jpg,airliner
1366.jpg,airliner
1367.jpg,parachute
1368.jpg,parachute
1369.jpg,parachute
1370.jpg,convertible_car
1371.jpg,convertible_car
1372.jpg,golden_retriever
1373.jpg,airliner
1374.jpg,parachute
1375.jpg,sunglasses
1376.jpg,banana
1377.jpg,rugby
1378.jpg,goldfish
1379.jpg,rugby
1380.jpg,banana
1381.jpg,tiger_cat
1382.jpg,banana
1383.jpg,golden_retriever
1384.jpg,rugby
1385.jpg,rugby
1386.jpg,parachute
1387.jpg,african_elephant
1388.jpg,rugby
1389.jpg,goldfish
1390.jpg,sunglasses
1391.jpg,tiger_cat
1392.jpg,goldfish
1393.jpg,golden_retriever
1394.jpg,parachute
1395.jpg,banana
1396.jpg,rugby
1397.jpg,rugby
1398.jpg,parachute
1399.jpg,sunglasses
1400.jpg,airliner
1401.jpg,golden_retriever
1402.jpg,rugby
1403.jpg,parachute
1404.jpg,sunglasses
1405.jpg,sunglasses
1406.jpg,sunglasses
1407.jpg,parachute
1408.jpg,goldfish
1409.jpg,african_elephant
1410.jpg,rugby
1411.jpg,goldfish
1412.jpg,golden_retriever
1413.jpg,tiger_cat
1414.jpg,goldfish
1415.jpg,banana
1416.jpg,parachute
1417.jpg,banana
1418.jpg,banana
1419.jpg,african_elephant
1420.jpg,goldfish
1421.jpg,sunglasses
1422.jpg,golden_retriever
1423.jpg,parachute
1424.jpg,african_elephant
1425.jpg,golden_retriever
1426.jpg,parachute
1427.jpg,rugby
1428.jpg,airliner
1429.jpg,parachute
1430.jpg,goldfish
1431.jpg,goldfish
1432.jpg,goldfish
1433.jpg,african_elephant
1434.jpg,airliner
1435.jpg,convertible_car
1436.jpg,golden_retriever
1437.jpg,parachute
1438.jpg,rugby
1439.jpg,golden_retriever
1440.jpg,parachute
1441.jpg,rugby
1442.jpg,goldfish
1443.jpg,parachute
1444.jpg,goldfish
1445.jpg,golden_retriever
1446.jpg,tiger_cat
1447.jpg,tiger_cat
1448.jpg,tiger_cat
1449.jpg,african_elephant
1450.jpg,goldfish
1451.jpg,banana
1452.jpg,goldfish
1453.jpg,goldfish
1454.jpg,golden_retriever
1455.jpg,goldfish
1456.jpg,airliner
1457.jpg,african_elephant
1458.jpg,golden_retriever
1459.jpg,rugby
1460.jpg,airliner
1461.jpg,golden_retriever
1462.jpg,banana
1463.jpg,rugby
1464.jpg,african_elephant
1465.jpg,banana
1466.jpg,parachute
1467.jpg,parachute
1468.jpg,golden_retriever
1469.jpg,goldfish
1470.jpg,goldfish
1471.jpg,golden_retriever
1472.jpg,banana
1473.jpg,african_elephant
1474.jpg,goldfish
1475.jpg,tiger_cat
1476.jpg,parachute
1477.jpg,tiger_cat
1478.jpg,tiger_cat
1479.jpg,goldfish
1480.jpg,rugby
1481.jpg,parachute
1482.jpg,tiger_cat
1483.jpg,parachute
1484.jpg,goldfish
1485.jpg,parachute
1486.jpg,rugby
1487.jpg,banana
1488.jpg,parachute
1489.jpg,african_elephant
1490.jpg,parachute
1491.jpg,convertible_car
1492.jpg,african_elephant
1493.jpg,golden_retriever
1494.jpg,parachute
1495.jpg,rugby
1496.jpg,airliner
1497.jpg,parachute
1498.jpg,african_elephant
1499.jpg,golden_retriever
1500.jpg,rugby
1501.jpg,parachute
1502.jpg,golden_retriever
1503.jpg,goldfish
1504.jpg,african_elephant
1505.jpg,golden_retriever
1506.jpg,rugby
1507.jpg,golden_retriever
1508.jpg,parachute
1509.jpg,rugby
1510.jpg,rugby
1511.jpg,golden_retriever
1512.jpg,goldfish
1513.jpg,goldfish
1514.jpg,tiger_cat
1515.jpg,parachute
1516.jpg,golden_retriever
1517.jpg,golden_retriever
1518.jpg,goldfish
1519.jpg,sunglasses
1520.jpg,parachute
1521.jpg,golden_retriever
1522.jpg,tiger_cat
1523.jpg,golden_retriever
1524.jpg,rugby
1525.jpg,convertible_car
1526.jpg,rugby
1527.jpg,golden_retriever
1528.jpg,golden_retriever
1529.jpg,african_elephant
1530.jpg,parachute
1531.jpg,african_elephant
1532.jpg,african_elephant
1533.jpg,parachute
1534.jpg,airliner
1535.jpg,african_elephant
1536.jpg,goldfish
1537.jpg,parachute
1538.jpg,parachute
1539.jpg,goldfish
1540.jpg,airliner
1541.jpg,african_elephant
1542.jpg,tiger_cat
1543.jpg,sunglasses
1544.jpg,airliner
1545.jpg,airliner
1546.jpg,banana
1547.jpg,tiger_cat
1548.jpg,rugby
1549.jpg,rugby
1550.jpg,tiger_cat
1551.jpg,airliner
1552.jpg,banana
1553.jpg,parachute
1554.jpg,banana
1555.jpg,goldfish
1556.jpg,sunglasses
1557.jpg,parachute
1558.jpg,sunglasses
1559.jpg,airliner
1560.jpg,banana
1561.jpg,goldfish
1562.jpg,rugby
1563.jpg,golden_retriever
1564.jpg,sunglasses
1565.jpg,tiger_cat
1566.jpg,goldfish
1567.jpg,tiger_cat
1568.jpg,tiger_cat
1569.jpg,parachute
1570.jpg,goldfish
1571.jpg,banana
1572.jpg,african_elephant
1573.jpg,convertible_car
1574.jpg,sunglasses
1575.jpg,tiger_cat
1576.jpg,banana
1577.jpg,african_elephant
1578.jpg,tiger_cat
1579.jpg,rugby
1580.jpg,tiger_cat
1581.jpg,rugby
1582.jpg,airliner
1583.jpg,banana
1584.jpg,airliner
1585.jpg,parachute
1586.jpg,parachute
1587.jpg,goldfish
1588.jpg,goldfish
1589.jpg,airliner
1590.jpg,banana
1591.jpg,rugby
1592.jpg,parachute
1593.jpg,banana
1594.jpg,golden_retriever
1595.jpg,airliner
1596.jpg,parachute
1597.jpg,tiger_cat
1598.jpg,african_elephant
1599.jpg,airliner
1600.jpg,tiger_cat
1601.jpg,banana
1602.jpg,golden_retriever
1603.jpg,rugby
1604.jpg,sunglasses
1605.jpg,goldfish
1606.jpg,tiger_cat
1607.jpg,goldfish
1608.jpg,golden_retriever
1609.jpg,banana
1610.jpg,tiger_cat
1611.jpg,african_elephant
1612.jpg,golden_retriever
1613.jpg,golden_retriever
1614.jpg,parachute
1615.jpg,parachute
1616.jpg,rugby
1617.jpg,airliner
1618.jpg,goldfish
1619.jpg,rugby
1620.jpg,goldfish
1621.jpg,rugby
1622.jpg,rugby
1623.jpg,airliner
1624.jpg,african_elephant
1625.jpg,rugby
1626.jpg,rugby
1627.jpg,airliner
1628.jpg,golden_retriever
1629.jpg,african_elephant
1630.jpg,african_elephant
1631.jpg,goldfish
1632.jpg,tiger_cat
1633.jpg,sunglasses
1634.jpg,sunglasses
1635.jpg,golden_retriever
1636.jpg,parachute
1637.jpg,rugby
1638.jpg,sunglasses
1639.jpg,rugby
1640.jpg,african_elephant
1641.jpg,tiger_cat
1642.jpg,banana
1643.jpg,banana
1644.jpg,sunglasses
1645.jpg,goldfish
1646.jpg,airliner
1647.jpg,golden_retriever
1648.jpg,goldfish
1649.jpg,parachute
1650.jpg,parachute
1651.jpg,parachute
1652.jpg,goldfish
1653.jpg,tiger_cat
1654.jpg,tiger_cat
1655.jpg,golden_retriever
1656.jpg,tiger_cat
1657.jpg,parachute
1658.jpg,tiger_cat
1659.jpg,golden_retriever
1660.jpg,tiger_cat
1661.jpg,parachute
1662.jpg,parachute
1663.jpg,tiger_cat
1664.jpg,tiger_cat
1665.jpg,african_elephant
1666.jpg,rugby
1667.jpg,airliner
1668.jpg,rugby
1669.jpg,goldfish
1670.jpg,golden_retriever
1671.jpg,african_elephant
1672.jpg,tiger_cat
1673.jpg,african_elephant
1674.jpg,rugby
1675.jpg,parachute
1676.jpg,golden_retriever
1677.jpg,rugby
1678.jpg,parachute
1679.jpg,tiger_cat
1680.jpg,convertible_car
1681.jpg,parachute
1682.jpg,parachute
1683.jpg,banana
1684.jpg,sunglasses
1685.jpg,banana
1686.jpg,parachute
1687.jpg,rugby
1688.jpg,convertible_car
1689.jpg,rugby
1690.jpg,rugby
1691.jpg,airliner
1692.jpg,goldfish
1693.jpg,sunglasses
1694.jpg,goldfish
1695.jpg,rugby
1696.jpg,tiger_cat
1697.jpg,goldfish
1698.jpg,goldfish
1699.jpg,tiger_cat
1700.jpg,goldfish
1701.jpg,golden_retriever
1702.jpg,parachute
1703.jpg,tiger_cat
1704.jpg,rugby
1705.jpg,parachute
1706.jpg,rugby
1707.jpg,parachute
1708.jpg,parachute
1709.jpg,tiger_cat
1710.jpg,parachute
1711.jpg,african_elephant
1712.jpg,banana
1713.jpg,tiger_cat
1714.jpg,african_elephant
1715.jpg,rugby
1716.jpg,african_elephant
1717.jpg,airliner
1718.jpg,tiger_cat
1719.jpg,tiger_cat
1720.jpg,banana
1721.jpg,banana
1722.jpg,parachute
1723.jpg,airliner
1724.jpg,parachute
1725.jpg,parachute
1726.jpg,parachute
1727.jpg,rugby
1728.jpg,parachute
1729.jpg,airliner
1730.jpg,tiger_cat
1731.jpg,rugby
1732.jpg,goldfish
1733.jpg,parachute
1734.jpg,african_elephant
1735.jpg,airliner
1736.jpg,african_elephant
1737.jpg,sunglasses
1738.jpg,sunglasses
1739.jpg,rugby
1740.jpg,airliner
1741.jpg,tiger_cat
1742.jpg,african_elephant
1743.jpg,tiger_cat
1744.jpg,golden_retriever
1745.jpg,tiger_cat
1746.jpg,rugby
1747.jpg,rugby
1748.jpg,parachute
1749.jpg,african_elephant
1750.jpg,goldfish
1751.jpg,airliner
1752.jpg,parachute
1753.jpg,parachute
1754.jpg,african_elephant
1755.jpg,parachute
1756.jpg,tiger_cat
1757.jpg,african_elephant
1758.jpg,parachute
1759.jpg,tiger_cat
1760.jpg,airliner
1761.jpg,rugby
1762.jpg,banana
1763.jpg,rugby
1764.jpg,airliner
1765.jpg,goldfish
1766.jpg,airliner
1767.jpg,banana
1768.jpg,rugby
1769.jpg,banana
1770.jpg,rugby
1771.jpg,sunglasses
1772.jpg,banana
1773.jpg,parachute
1774.jpg,sunglasses
1775.jpg,african_elephant
1776.jpg,parachute
1777.jpg,rugby
1778.jpg,rugby
1779.jpg,african_elephant
1780.jpg,parachute
1781.jpg,rugby
1782.jpg,african_elephant
1783.jpg,african_elephant
1784.jpg,golden_retriever
1785.jpg,banana
1786.jpg,african_elephant
1787.jpg,banana
1788.jpg,golden_retriever
1789.jpg,rugby
1790.jpg,parachute
1791.jpg,rugby
1792.jpg,sunglasses
1793.jpg,airliner
1794.jpg,rugby
1795.jpg,rugby
1796.jpg,tiger_cat
1797.jpg,tiger_cat
1798.jpg,tiger_cat
1799.jpg,parachute
1800.jpg,african_elephant
1801.jpg,african_elephant
1802.jpg,african_elephant
1803.jpg,golden_retriever
1804.jpg,goldfish
1805.jpg,rugby
1806.jpg,african_elephant
1807.jpg,tiger_cat
1808.jpg,tiger_cat
1809.jpg,goldfish
1810.jpg,golden_retriever
1811.jpg,tiger_cat
1812.jpg,african_elephant
1813.jpg,airliner
1814.jpg,african_elephant
1815.jpg,tiger_cat
1816.jpg,golden_retriever
1817.jpg,sunglasses
1818.jpg,african_elephant
1819.jpg,african_elephant
1820.jpg,sunglasses
1821.jpg,banana
1822.jpg,goldfish
1823.jpg,golden_retriever
1824.jpg,african_elephant
1825.jpg,goldfish
1826.jpg,banana
1827.jpg,tiger_cat
1828.jpg,african_elephant
1829.jpg,tiger_cat
1830.jpg,goldfish
1831.jpg,sunglasses
1832.jpg,golden_retriever
1833.jpg,african_elephant
1834.jpg,tiger_cat
1835.jpg,goldfish
1836.jpg,goldfish
1837.jpg,airliner
1838.jpg,goldfish
1839.jpg,rugby
1840.jpg,parachute
1841.jpg,convertible_car
1842.jpg,rugby
1843.jpg,tiger_cat
1844.jpg,goldfish
1845.jpg,african_elephant
1846.jpg,golden_retriever
1847.jpg,banana
1848.jpg,rugby
1849.jpg,african_elephant
1850.jpg,golden_retriever
1851.jpg,parachute
1852.jpg,goldfish
1853.jpg,sunglasses
1854.jpg,african_elephant
1855.jpg,goldfish
1856.jpg,tiger_cat
1857.jpg,rugby
1858.jpg,goldfish
1859.jpg,tiger_cat
1860.jpg,parachute
1861.jpg,airliner
1862.jpg,parachute
1863.jpg,parachute
1864.jpg,banana
1865.jpg,parachute
1866.jpg,parachute
1867.jpg,parachute
1868.jpg,african_elephant
1869.jpg,airliner
1870.jpg,goldfish
1871.jpg,african_elephant
1872.jpg,rugby
1873.jpg,tiger_cat
1874.jpg,african_elephant
1875.jpg,rugby
1876.jpg,sunglasses
1877.jpg,banana
1878.jpg,parachute
1879.jpg,sunglasses
1880.jpg,parachute
1881.jpg,tiger_cat
1882.jpg,banana
1883.jpg,rugby
1884.jpg,sunglasses
1885.jpg,african_elephant
1886.jpg,convertible_car
1887.jpg,rugby
1888.jpg,rugby
1889.jpg,airliner
1890.jpg,goldfish
1891.jpg,airliner
1892.jpg,sunglasses
1893.jpg,goldfish
1894.jpg,goldfish
1895.jpg,rugby
1896.jpg,airliner
1897.jpg,parachute
1898.jpg,parachute
1899.jpg,parachute
1900.jpg,goldfish
1901.jpg,tiger_cat
1902.jpg,goldfish
1903.jpg,parachute
1904.jpg,airliner
1905.jpg,african_elephant
1906.jpg,goldfish
1907.jpg,tiger_cat
1908.jpg,golden_retriever
1909.jpg,african_elephant
1910.jpg,golden_retriever
1911.jpg,rugby
1912.jpg,rugby
1913.jpg,parachute
1914.jpg,tiger_cat
1915.jpg,airliner
1916.jpg,parachute
1917.jpg,airliner
1918.jpg,golden_retriever
1919.jpg,parachute
1920.jpg,parachute
1921.jpg,convertible_car
1922.jpg,rugby
1923.jpg,goldfish
1924.jpg,parachute
1925.jpg,rugby
1926.jpg,airliner
1927.jpg,banana
1928.jpg,rugby
1929.jpg,golden_retriever
1930.jpg,parachute
1931.jpg,golden_retriever
1932.jpg,tiger_cat
1933.jpg,airliner
1934.jpg,african_elephant
1935.jpg,sunglasses
1936.jpg,sunglasses
1937.jpg,airliner
1938.jpg,rugby
1939.jpg,goldfish
1940.jpg,african_elephant
1941.jpg,goldfish
1942.jpg,african_elephant
1943.jpg,tiger_cat
1944.jpg,rugby
1945.jpg,parachute
1946.jpg,african_elephant
1947.jpg,african_elephant
1948.jpg,african_elephant
1949.jpg,rugby
1950.jpg,rugby
1951.jpg,african_elephant
1952.jpg,rugby
1953.jpg,rugby
1954.jpg,sunglasses
1955.jpg,banana
1956.jpg,golden_retriever
1957.jpg,tiger_cat
1958.jpg,tiger_cat
1959.jpg,african_elephant
1960.jpg,parachute
1961.jpg,sunglasses
1962.jpg,rugby
1963.jpg,parachute
1964.jpg,tiger_cat
1965.jpg,rugby
1966.jpg,parachute
1967.jpg,sunglasses
1968.jpg,rugby
1969.jpg,african_elephant
1970.jpg,rugby
1971.jpg,parachute
1972.jpg,tiger_cat
1973.jpg,parachute
1974.jpg,airliner
1975.jpg,rugby
1976.jpg,rugby
1977.jpg,tiger_cat
1978.jpg,parachute
1979.jpg,rugby
1980.jpg,african_elephant
1981.jpg,tiger_cat
1982.jpg,tiger_cat
1983.jpg,rugby
1984.jpg,tiger_cat
1985.jpg,african_elephant
1986.jpg,african_elephant
1987.jpg,goldfish
1988.jpg,goldfish
1989.jpg,tiger_cat
1990.jpg,banana
1991.jpg,goldfish
1992.jpg,golden_retriever
1993.jpg,goldfish
1994.jpg,tiger_cat
1995.jpg,sunglasses
1996.jpg,rugby
1997.jpg,airliner
1998.jpg,convertible_car
1999.jpg,goldfish
2000.jpg,rugby
2001.jpg,tiger_cat
2002.jpg,tiger_cat
2003.jpg,banana
2004.jpg,golden_retriever
2005.jpg,african_elephant
2006.jpg,sunglasses
2007.jpg,african_elephant
2008.jpg,parachute
2009.jpg,goldfish
2010.jpg,african_elephant
2011.jpg,goldfish
2012.jpg,rugby
2013.jpg,tiger_cat
2014.jpg,airliner
2015.jpg,convertible_car
2016.jpg,tiger_cat
2017.jpg,convertible_car
2018.jpg,tiger_cat
2019.jpg,parachute
2020.jpg,parachute
2021.jpg,golden_retriever
2022.jpg,rugby
2023.jpg,rugby
2024.jpg,goldfish
2025.jpg,parachute
2026.jpg,goldfish
2027.jpg,african_elephant
2028.jpg,golden_retriever
2029.jpg,tiger_cat
2030.jpg,parachute
2031.jpg,banana
2032.jpg,tiger_cat
2033.jpg,rugby
2034.jpg,african_elephant
2035.jpg,parachute
2036.jpg,rugby
2037.jpg,airliner
2038.jpg,banana
2039.jpg,goldfish
2040.jpg,tiger_cat
2041.jpg,rugby
2042.jpg,golden_retriever
2043.jpg,rugby
2044.jpg,golden_retriever
2045.jpg,african_elephant
2046.jpg,golden_retriever
2047.jpg,african_elephant
2048.jpg,goldfish
2049.jpg,sunglasses
2050.jpg,tiger_cat
2051.jpg,tiger_cat
2052.jpg,airliner
2053.jpg,african_elephant
2054.jpg,golden_retriever
2055.jpg,airliner
2056.jpg,tiger_cat
2057.jpg,golden_retriever
2058.jpg,rugby
2059.jpg,airliner
2060.jpg,goldfish
2061.jpg,tiger_cat
2062.jpg,tiger_cat
2063.jpg,rugby
2064.jpg,african_elephant
2065.jpg,tiger_cat
2066.jpg,tiger_cat
2067.jpg,parachute
2068.jpg,goldfish
2069.jpg,goldfish
2070.jpg,golden_retriever
2071.jpg,airliner
2072.jpg,banana
2073.jpg,goldfish
2074.jpg,goldfish
2075.jpg,golden_retriever
2076.jpg,banana
2077.jpg,airliner
2078.jpg,african_elephant
2079.jpg,african_elephant
2080.jpg,goldfish
2081.jpg,banana
2082.jpg,parachute
2083.jpg,parachute
2084.jpg,sunglasses
2085.jpg,goldfish
2086.jpg,banana
2087.jpg,sunglasses
2088.jpg,parachute
2089.jpg,goldfish
2090.jpg,banana
2091.jpg,parachute
2092.jpg,goldfish
2093.jpg,tiger_cat
2094.jpg,rugby
2095.jpg,tiger_cat
2096.jpg,goldfish
2097.jpg,rugby
2098.jpg,african_elephant
2099.jpg,tiger_cat
2100.jpg,banana
2101.jpg,tiger_cat
2102.jpg,parachute
2103.jpg,banana
2104.jpg,golden_retriever
2105.jpg,parachute
2106.jpg,rugby
2107.jpg,golden_retriever
2108.jpg,tiger_cat
2109.jpg,african_elephant
2110.jpg,tiger_cat
2111.jpg,tiger_cat
2112.jpg,rugby
2113.jpg,airliner
2114.jpg,african_elephant
2115.jpg,african_elephant
2116.jpg,convertible_car
2117.jpg,tiger_cat
2118.jpg,goldfish
2119.jpg,sunglasses
2120.jpg,african_elephant
2121.jpg,rugby
2122.jpg,parachute
2123.jpg,african_elephant
2124.jpg,rugby
2125.jpg,goldfish
2126.jpg,banana
2127.jpg,rugby
2128.jpg,airliner
2129.jpg,african_elephant
2130.jpg,tiger_cat
2131.jpg,airliner
2132.jpg,banana
2133.jpg,airliner
2134.jpg,parachute
2135.jpg,parachute
2136.jpg,goldfish
2137.jpg,rugby
2138.jpg,tiger_cat
2139.jpg,banana
2140.jpg,rugby
2141.jpg,goldfish
2142.jpg,sunglasses
2143.jpg,goldfish
2144.jpg,banana
2145.jpg,goldfish
2146.jpg,parachute
2147.jpg,parachute
2148.jpg,tiger_cat
2149.jpg,african_elephant
2150.jpg,airliner
2151.jpg,sunglasses
2152.jpg,parachute
2153.jpg,banana
2154.jpg,tiger_cat
2155.jpg,rugby
2156.jpg,rugby
2157.jpg,parachute
2158.jpg,rugby
2159.jpg,rugby
2160.jpg,goldfish
2161.jpg,parachute
2162.jpg,african_elephant
2163.jpg,tiger_cat
2164.jpg,sunglasses
2165.jpg,goldfish
2166.jpg,golden_retriever
2167.jpg,sunglasses
2168.jpg,golden_retriever
2169.jpg,tiger_cat
2170.jpg,rugby
2171.jpg,banana
2172.jpg,rugby
2173.jpg,goldfish
2174.jpg,african_elephant
2175.jpg,african_elephant
2176.jpg,parachute
2177.jpg,goldfish
2178.jpg,convertible_car
2179.jpg,convertible_car
2180.jpg,sunglasses
2181.jpg,tiger_cat
2182.jpg,goldfish
2183.jpg,rugby
2184.jpg,tiger_cat
2185.jpg,african_elephant
2186.jpg,banana
2187.jpg,tiger_cat
2188.jpg,airliner
2189.jpg,tiger_cat
2190.jpg,parachute
2191.jpg,rugby
2192.jpg,tiger_cat
2193.jpg,golden_retriever
2194.jpg,parachute
2195.jpg,goldfish
2196.jpg,airliner
2197.jpg,rugby
2198.jpg,african_elephant
2199.jpg,convertible_car
2200.jpg,rugby
2201.jpg,airliner
2202.jpg,banana
2203.jpg,sunglasses
2204.jpg,airliner
2205.jpg,sunglasses
2206.jpg,parachute
2207.jpg,goldfish
2208.jpg,parachute
2209.jpg,tiger_cat
2210.jpg,goldfish
2211.jpg,goldfish
2212.jpg,tiger_cat
2213.jpg,banana
2214.jpg,parachute
2215.jpg,tiger_cat
2216.jpg,tiger_cat
2217.jpg,tiger_cat
2218.jpg,golden_retriever
2219.jpg,parachute
2220.jpg,banana
2221.jpg,golden_retriever
2222.jpg,convertible_car
2223.jpg,tiger_cat
2224.jpg,rugby
2225.jpg,rugby
2226.jpg,tiger_cat
2227.jpg,airliner
2228.jpg,african_elephant
2229.jpg,goldfish
2230.jpg,african_elephant
2231.jpg,golden_retriever
2232.jpg,airliner
2233.jpg,parachute
2234.jpg,african_elephant
2235.jpg,banana
2236.jpg,golden_retriever
2237.jpg,african_elephant
2238.jpg,tiger_cat
2239.jpg,golden_retriever
2240.jpg,parachute
2241.jpg,banana
2242.jpg,african_elephant
2243.jpg,parachute
2244.jpg,golden_retriever
2245.jpg,tiger_cat
2246.jpg,tiger_cat
2247.jpg,rugby
2248.jpg,sunglasses
2249.jpg,banana
2250.jpg,goldfish
2251.jpg,african_elephant
2252.jpg,rugby
2253.jpg,convertible_car
2254.jpg,rugby
2255.jpg,parachute
2256.jpg,african_elephant
2257.jpg,rugby
2258.jpg,banana
2259.jpg,golden_retriever
2260.jpg,goldfish
2261.jpg,golden_retriever
2262.jpg,airliner
2263.jpg,tiger_cat
2264.jpg,banana
2265.jpg,tiger_cat
2266.jpg,african_elephant
2267.jpg,rugby
2268.jpg,parachute
2269.jpg,parachute
2270.jpg,goldfish
2271.jpg,parachute
2272.jpg,goldfish
2273.jpg,african_elephant
2274.jpg,parachute
2275.jpg,golden_retriever
2276.jpg,golden_retriever
2277.jpg,golden_retriever
2278.jpg,african_elephant
2279.jpg,parachute
2280.jpg,goldfish
2281.jpg,banana
2282.jpg,rugby
2283.jpg,tiger_cat
2284.jpg,parachute
2285.jpg,golden_retriever
2286.jpg,sunglasses
2287.jpg,parachute
2288.jpg,rugby
2289.jpg,banana
2290.jpg,parachute
2291.jpg,rugby
2292.jpg,banana
2293.jpg,sunglasses
2294.jpg,parachute
2295.jpg,goldfish
2296.jpg,airliner
2297.jpg,airliner
2298.jpg,tiger_cat
2299.jpg,rugby
2300.jpg,banana
2301.jpg,rugby
2302.jpg,parachute
2303.jpg,tiger_cat
2304.jpg,goldfish
2305.jpg,african_elephant
2306.jpg,parachute
2307.jpg,parachute
2308.jpg,african_elephant
2309.jpg,parachute
2310.jpg,tiger_cat
2311.jpg,airliner
2312.jpg,tiger_cat
2313.jpg,african_elephant
2314.jpg,goldfish
2315.jpg,parachute
2316.jpg,tiger_cat
2317.jpg,african_elephant
2318.jpg,parachute
2319.jpg,tiger_cat
2320.jpg,banana
2321.jpg,rugby
2322.jpg,tiger_cat
2323.jpg,parachute
2324.jpg,banana
2325.jpg,parachute
2326.jpg,sunglasses
2327.jpg,parachute
2328.jpg,golden_retriever
2329.jpg,tiger_cat
2330.jpg,african_elephant
2331.jpg,african_elephant
2332.jpg,african_elephant
2333.jpg,african_elephant
2334.jpg,golden_retriever
2335.jpg,golden_retriever
2336.jpg,african_elephant
2337.jpg,tiger_cat
2338.jpg,banana
2339.jpg,tiger_cat
2340.jpg,airliner
2341.jpg,golden_retriever
2342.jpg,tiger_cat
2343.jpg,airliner
2344.jpg,parachute
2345.jpg,rugby
2346.jpg,parachute
2347.jpg,goldfish
2348.jpg,airliner
2349.jpg,rugby
2350.jpg,convertible_car
2351.jpg,tiger_cat
2352.jpg,sunglasses
2353.jpg,rugby
2354.jpg,goldfish
2355.jpg,rugby
2356.jpg,sunglasses
2357.jpg,goldfish
2358.jpg,parachute
2359.jpg,airliner
2360.jpg,african_elephant
2361.jpg,tiger_cat
2362.jpg,sunglasses
2363.jpg,sunglasses
2364.jpg,golden_retriever
2365.jpg,tiger_cat
2366.jpg,african_elephant
2367.jpg,rugby
2368.jpg,parachute
2369.jpg,parachute
2370.jpg,african_elephant
2371.jpg,goldfish
2372.jpg,parachute
2373.jpg,african_elephant
2374.jpg,tiger_cat
2375.jpg,parachute
2376.jpg,tiger_cat
2377.jpg,parachute
2378.jpg,golden_retriever
2379.jpg,rugby
2380.jpg,airliner
2381.jpg,airliner
2382.jpg,african_elephant
2383.jpg,parachute
2384.jpg,airliner
2385.jpg,african_elephant
2386.jpg,tiger_cat
2387.jpg,sunglasses
2388.jpg,convertible_car
2389.jpg,sunglasses
2390.jpg,african_elephant
2391.jpg,african_elephant
2392.jpg,parachute
2393.jpg,airliner
2394.jpg,tiger_cat
2395.jpg,african_elephant
2396.jpg,airliner
2397.jpg,airliner
2398.jpg,tiger_cat
2399.jpg,convertible_car
2400.jpg,convertible_car
2401.jpg,airliner
2402.jpg,tiger_cat
2403.jpg,parachute
2404.jpg,banana
2405.jpg,parachute
2406.jpg,rugby
2407.jpg,airliner
2408.jpg,banana
2409.jpg,rugby
2410.jpg,african_elephant
2411.jpg,african_elephant
2412.jpg,parachute
2413.jpg,parachute
2414.jpg,goldfish
2415.jpg,parachute
2416.jpg,convertible_car
2417.jpg,tiger_cat
2418.jpg,parachute
2419.jpg,banana
2420.jpg,airliner
2421.jpg,golden_retriever
2422.jpg,rugby
2423.jpg,rugby
2424.jpg,rugby
2425.jpg,convertible_car
2426.jpg,rugby
2427.jpg,golden_retriever
2428.jpg,african_elephant
2429.jpg,banana
2430.jpg,goldfish
2431.jpg,parachute
2432.jpg,goldfish
2433.jpg,goldfish
2434.jpg,sunglasses
2435.jpg,tiger_cat
2436.jpg,sunglasses
2437.jpg,rugby
2438.jpg,golden_retriever
2439.jpg,african_elephant
2440.jpg,goldfish
2441.jpg,tiger_cat
2442.jpg,tiger_cat
2443.jpg,tiger_cat
2444.jpg,parachute
2445.jpg,banana
2446.jpg,goldfish
2447.jpg,airliner
2448.jpg,golden_retriever
2449.jpg,tiger_cat
2450.jpg,banana
2451.jpg,african_elephant
2452.jpg,banana
2453.jpg,african_elephant
2454.jpg,african_elephant
2455.jpg,parachute
2456.jpg,parachute
2457.jpg,tiger_cat
2458.jpg,african_elephant
2459.jpg,african_elephant
2460.jpg,tiger_cat
2461.jpg,goldfish
2462.jpg,airliner
2463.jpg,goldfish
2464.jpg,banana
2465.jpg,tiger_cat
2466.jpg,african_elephant
2467.jpg,rugby
2468.jpg,airliner
2469.jpg,golden_retriever
2470.jpg,airliner
2471.jpg,parachute
2472.jpg,parachute
2473.jpg,african_elephant
2474.jpg,parachute
2475.jpg,african_elephant
2476.jpg,airliner
2477.jpg,parachute
2478.jpg,golden_retriever
2479.jpg,tiger_cat
2480.jpg,airliner
2481.jpg,parachute
2482.jpg,goldfish
2483.jpg,tiger_cat
2484.jpg,parachute
2485.jpg,goldfish
2486.jpg,rugby
2487.jpg,tiger_cat
2488.jpg,tiger_cat
2489.jpg,african_elephant
2490.jpg,tiger_cat
2491.jpg,parachute
2492.jpg,african_elephant
2493.jpg,rugby
2494.jpg,african_elephant
2495.jpg,banana
2496.jpg,rugby
2497.jpg,airliner
2498.jpg,tiger_cat
2499.jpg,rugby
2500.jpg,sunglasses
2501.jpg,african_elephant
2502.jpg,parachute
2503.jpg,golden_retriever
2504.jpg,rugby
2505.jpg,banana
2506.jpg,goldfish
2507.jpg,african_elephant
2508.jpg,golden_retriever
2509.jpg,parachute
2510.jpg,golden_retriever
2511.jpg,rugby
2512.jpg,goldfish
2513.jpg,rugby
2514.jpg,african_elephant
2515.jpg,goldfish
2516.jpg,tiger_cat
2517.jpg,airliner
2518.jpg,convertible_car
2519.jpg,banana
2520.jpg,parachute
2521.jpg,parachute
2522.jpg,parachute
2523.jpg,airliner
2524.jpg,parachute
2525.jpg,golden_retriever
2526.jpg,rugby
2527.jpg,tiger_cat
2528.jpg,parachute
2529.jpg,goldfish
2530.jpg,goldfish
2531.jpg,convertible_car
2532.jpg,sunglasses
2533.jpg,airliner
2534.jpg,parachute
2535.jpg,parachute
2536.jpg,parachute
2537.jpg,goldfish
2538.jpg,sunglasses
2539.jpg,banana
2540.jpg,golden_retriever
2541.jpg,parachute
2542.jpg,convertible_car
2543.jpg,tiger_cat
2544.jpg,banana
2545.jpg,rugby
2546.jpg,goldfish
2547.jpg,african_elephant
2548.jpg,parachute
2549.jpg,tiger_cat
2550.jpg,african_elephant
2551.jpg,goldfish
2552.jpg,tiger_cat
2553.jpg,golden_retriever
2554.jpg,parachute
2555.jpg,goldfish
2556.jpg,rugby
2557.jpg,golden_retriever
2558.jpg,tiger_cat
2559.jpg,african_elephant
2560.jpg,african_elephant
2561.jpg,african_elephant
2562.jpg,goldfish
2563.jpg,tiger_cat
2564.jpg,banana
2565.jpg,rugby
2566.jpg,parachute
2567.jpg,airliner
2568.jpg,tiger_cat
2569.jpg,airliner
2570.jpg,tiger_cat
2571.jpg,parachute
2572.jpg,parachute
2573.jpg,rugby
2574.jpg,parachute
2575.jpg,african_elephant
2576.jpg,goldfish
2577.jpg,parachute
2578.jpg,african_elephant
2579.jpg,rugby
2580.jpg,african_elephant
2581.jpg,rugby
2582.jpg,tiger_cat
2583.jpg,african_elephant
2584.jpg,golden_retriever
2585.jpg,goldfish
2586.jpg,african_elephant
2587.jpg,goldfish
2588.jpg,african_elephant
2589.jpg,golden_retriever
2590.jpg,goldfish
2591.jpg,goldfish
2592.jpg,african_elephant
2593.jpg,parachute
2594.jpg,banana
2595.jpg,golden_retriever
2596.jpg,goldfish
2597.jpg,rugby
2598.jpg,golden_retriever
2599.jpg,golden_retriever
